"","Season","End_year","Season_days","Data_days","Perc_complete","Chilling_Hours","Utah_Model","Chill_portions","GDH"
"2","1998/1999",1999,120,120,100,1313,904.5,58.7328980292651,583.122622234158
"3","1999/2000",2000,120,120,100,1483,1102,69.6267864993963,1042.90306837996
"4","2000/2001",2001,121,121,100,1411,1228.5,72.7905530350142,1788.40521270127
"5","2001/2002",2002,120,120,100,1262,1066.5,69.128766865686,1331.06841337774
"6","2002/2003",2003,120,120,100,1064,739.5,57.9652366154424,566.280766928324
"7","2003/2004",2004,120,120,100,1299,1032.5,67.8905571900419,1542.53416907625
"8","2004/2005",2005,121,121,100,1482,1151.5,68.5135984606869,905.83152600537
"9","2005/2006",2006,120,61,50.8333333333333,752,503,36.6979120248377,634.75227453821
